{"cv_mean": 43.22165439978694, "cv_std": 0.8642793735287969}